Sequence type,Constraint
cds,0.451171998880355
introns,0.24970418911256365
3UTR,0.2754950528470587
5UTR,0.3082247258912551
intronsAR,0.13839327265771972
distalIG,0.039331209496405894
proximal5IG,0.11566357368403848
proximal3IG,0.13443364614442613
IG,0.058801004380845893
