Sequence type,Sum NumbSites PropMut
cds,460597.5576269876
introns,3954867.1989756166
3UTR,72731.64063965552
5UTR,75073.44165853564
intronsAR,3234075.5286543253
distalIG,638527.0454672726
proximal5IG,333416.76079148054
proximal3IG,336682.15118850395
